<Anims>
 <anim name="idle" root="hat_bee_bw" numframes="1000" framerate="40">
  <frame idx="0" w="409" h="319" x="-51.395493" y="-78.157471">
   <element name="swap_hat" layername="swap_hat_3" frame="3" z_index="0" m_a="0.766846" m_b="0.000000" m_c="0.000000" m_d="0.766830" m_tx="12.000000" m_ty="3.700000"/>
  </frame>
  <frame idx="25" w="409" h="319" x="-51.395493" y="-78.157471">
   <element name="swap_hat" layername="swap_hat_3" frame="3" z_index="0" m_a="0.766846" m_b="0.000000" m_c="0.000000" m_d="0.766830" m_tx="12.000000" m_ty="3.700000"/>
  </frame>
  <frame idx="50" w="409" h="319" x="-51.395493" y="-78.157471">
   <element name="swap_hat" layername="swap_hat_3" frame="3" z_index="0" m_a="0.766846" m_b="0.000000" m_c="0.000000" m_d="0.766830" m_tx="12.000000" m_ty="3.700000"/>
  </frame>
  <frame idx="75" w="409" h="319" x="-51.395493" y="-78.157471">
   <element name="swap_hat" layername="swap_hat_3" frame="3" z_index="0" m_a="0.766846" m_b="0.000000" m_c="0.000000" m_d="0.766830" m_tx="12.000000" m_ty="3.700000"/>
  </frame>
  <frame idx="100" w="409" h="319" x="-51.395493" y="-78.157471">
   <element name="swap_hat" layername="swap_hat_3" frame="3" z_index="0" m_a="0.766846" m_b="0.000000" m_c="0.000000" m_d="0.766830" m_tx="12.000000" m_ty="3.700000"/>
  </frame>
  <frame idx="125" w="409" h="319" x="-51.395493" y="-78.157471">
   <element name="swap_hat" layername="swap_hat_3" frame="3" z_index="0" m_a="0.766846" m_b="0.000000" m_c="0.000000" m_d="0.766830" m_tx="12.000000" m_ty="3.700000"/>
  </frame>
  <frame idx="150" w="409" h="319" x="-51.395493" y="-78.157471">
   <element name="swap_hat" layername="swap_hat_3" frame="3" z_index="0" m_a="0.766846" m_b="0.000000" m_c="0.000000" m_d="0.766830" m_tx="12.000000" m_ty="3.700000"/>
  </frame>
  <frame idx="175" w="409" h="319" x="-51.395493" y="-78.157471">
   <element name="swap_hat" layername="swap_hat_3" frame="3" z_index="0" m_a="0.766846" m_b="0.000000" m_c="0.000000" m_d="0.766830" m_tx="12.000000" m_ty="3.700000"/>
  </frame>
  <frame idx="200" w="409" h="319" x="-51.395493" y="-78.157471">
   <element name="swap_hat" layername="swap_hat_3" frame="3" z_index="0" m_a="0.766846" m_b="0.000000" m_c="0.000000" m_d="0.766830" m_tx="12.000000" m_ty="3.700000"/>
  </frame>
  <frame idx="225" w="409" h="319" x="-51.395493" y="-78.157471">
   <element name="swap_hat" layername="swap_hat_3" frame="3" z_index="0" m_a="0.766846" m_b="0.000000" m_c="0.000000" m_d="0.766830" m_tx="12.000000" m_ty="3.700000"/>
  </frame>
  <frame idx="250" w="409" h="319" x="-51.395493" y="-78.157471">
   <element name="swap_hat" layername="swap_hat_3" frame="3" z_index="0" m_a="0.766846" m_b="0.000000" m_c="0.000000" m_d="0.766830" m_tx="12.000000" m_ty="3.700000"/>
  </frame>
  <frame idx="275" w="409" h="319" x="-51.395493" y="-78.157471">
   <element name="swap_hat" layername="swap_hat_3" frame="3" z_index="0" m_a="0.766846" m_b="0.000000" m_c="0.000000" m_d="0.766830" m_tx="12.000000" m_ty="3.700000"/>
  </frame>
  <frame idx="300" w="409" h="319" x="-51.395493" y="-78.157471">
   <element name="swap_hat" layername="swap_hat_3" frame="3" z_index="0" m_a="0.766846" m_b="0.000000" m_c="0.000000" m_d="0.766830" m_tx="12.000000" m_ty="3.700000"/>
  </frame>
  <frame idx="325" w="409" h="319" x="-51.395493" y="-78.157471">
   <element name="swap_hat" layername="swap_hat_3" frame="3" z_index="0" m_a="0.766846" m_b="0.000000" m_c="0.000000" m_d="0.766830" m_tx="12.000000" m_ty="3.700000"/>
  </frame>
  <frame idx="350" w="409" h="319" x="-51.395493" y="-78.157471">
   <element name="swap_hat" layername="swap_hat_3" frame="3" z_index="0" m_a="0.766846" m_b="0.000000" m_c="0.000000" m_d="0.766830" m_tx="12.000000" m_ty="3.700000"/>
  </frame>
  <frame idx="375" w="409" h="319" x="-51.395493" y="-78.157471">
   <element name="swap_hat" layername="swap_hat_3" frame="3" z_index="0" m_a="0.766846" m_b="0.000000" m_c="0.000000" m_d="0.766830" m_tx="12.000000" m_ty="3.700000"/>
  </frame>
  <frame idx="400" w="409" h="319" x="-51.395493" y="-78.157471">
   <element name="swap_hat" layername="swap_hat_3" frame="3" z_index="0" m_a="0.766846" m_b="0.000000" m_c="0.000000" m_d="0.766830" m_tx="12.000000" m_ty="3.700000"/>
  </frame>
  <frame idx="425" w="409" h="319" x="-51.395493" y="-78.157471">
   <element name="swap_hat" layername="swap_hat_3" frame="3" z_index="0" m_a="0.766846" m_b="0.000000" m_c="0.000000" m_d="0.766830" m_tx="12.000000" m_ty="3.700000"/>
  </frame>
  <frame idx="450" w="409" h="319" x="-51.395493" y="-78.157471">
   <element name="swap_hat" layername="swap_hat_3" frame="3" z_index="0" m_a="0.766846" m_b="0.000000" m_c="0.000000" m_d="0.766830" m_tx="12.000000" m_ty="3.700000"/>
  </frame>
  <frame idx="475" w="409" h="319" x="-51.395493" y="-78.157471">
   <element name="swap_hat" layername="swap_hat_3" frame="3" z_index="0" m_a="0.766846" m_b="0.000000" m_c="0.000000" m_d="0.766830" m_tx="12.000000" m_ty="3.700000"/>
  </frame>
  <frame idx="500" w="409" h="319" x="-51.395493" y="-78.157471">
   <element name="swap_hat" layername="swap_hat_3" frame="3" z_index="0" m_a="0.766846" m_b="0.000000" m_c="0.000000" m_d="0.766830" m_tx="12.000000" m_ty="3.700000"/>
  </frame>
  <frame idx="525" w="409" h="319" x="-51.395493" y="-78.157471">
   <element name="swap_hat" layername="swap_hat_3" frame="3" z_index="0" m_a="0.766846" m_b="0.000000" m_c="0.000000" m_d="0.766830" m_tx="12.000000" m_ty="3.700000"/>
  </frame>
  <frame idx="550" w="409" h="319" x="-51.395493" y="-78.157471">
   <element name="swap_hat" layername="swap_hat_3" frame="3" z_index="0" m_a="0.766846" m_b="0.000000" m_c="0.000000" m_d="0.766830" m_tx="12.000000" m_ty="3.700000"/>
  </frame>
  <frame idx="575" w="409" h="319" x="-51.395493" y="-78.157471">
   <element name="swap_hat" layername="swap_hat_3" frame="3" z_index="0" m_a="0.766846" m_b="0.000000" m_c="0.000000" m_d="0.766830" m_tx="12.000000" m_ty="3.700000"/>
  </frame>
  <frame idx="600" w="409" h="319" x="-51.395493" y="-78.157471">
   <element name="swap_hat" layername="swap_hat_3" frame="3" z_index="0" m_a="0.766846" m_b="0.000000" m_c="0.000000" m_d="0.766830" m_tx="12.000000" m_ty="3.700000"/>
  </frame>
  <frame idx="625" w="409" h="319" x="-51.395493" y="-78.157471">
   <element name="swap_hat" layername="swap_hat_3" frame="3" z_index="0" m_a="0.766846" m_b="0.000000" m_c="0.000000" m_d="0.766830" m_tx="12.000000" m_ty="3.700000"/>
  </frame>
  <frame idx="650" w="409" h="319" x="-51.395493" y="-78.157471">
   <element name="swap_hat" layername="swap_hat_3" frame="3" z_index="0" m_a="0.766846" m_b="0.000000" m_c="0.000000" m_d="0.766830" m_tx="12.000000" m_ty="3.700000"/>
  </frame>
  <frame idx="675" w="409" h="319" x="-51.395493" y="-78.157471">
   <element name="swap_hat" layername="swap_hat_3" frame="3" z_index="0" m_a="0.766846" m_b="0.000000" m_c="0.000000" m_d="0.766830" m_tx="12.000000" m_ty="3.700000"/>
  </frame>
  <frame idx="700" w="409" h="319" x="-51.395493" y="-78.157471">
   <element name="swap_hat" layername="swap_hat_3" frame="3" z_index="0" m_a="0.766846" m_b="0.000000" m_c="0.000000" m_d="0.766830" m_tx="12.000000" m_ty="3.700000"/>
  </frame>
  <frame idx="725" w="409" h="319" x="-51.395493" y="-78.157471">
   <element name="swap_hat" layername="swap_hat_3" frame="3" z_index="0" m_a="0.766846" m_b="0.000000" m_c="0.000000" m_d="0.766830" m_tx="12.000000" m_ty="3.700000"/>
  </frame>
  <frame idx="750" w="409" h="319" x="-51.395493" y="-78.157471">
   <element name="swap_hat" layername="swap_hat_3" frame="3" z_index="0" m_a="0.766846" m_b="0.000000" m_c="0.000000" m_d="0.766830" m_tx="12.000000" m_ty="3.700000"/>
  </frame>
  <frame idx="775" w="409" h="319" x="-51.395493" y="-78.157471">
   <element name="swap_hat" layername="swap_hat_3" frame="3" z_index="0" m_a="0.766846" m_b="0.000000" m_c="0.000000" m_d="0.766830" m_tx="12.000000" m_ty="3.700000"/>
  </frame>
  <frame idx="800" w="409" h="319" x="-51.395493" y="-78.157471">
   <element name="swap_hat" layername="swap_hat_3" frame="3" z_index="0" m_a="0.766846" m_b="0.000000" m_c="0.000000" m_d="0.766830" m_tx="12.000000" m_ty="3.700000"/>
  </frame>
  <frame idx="825" w="409" h="319" x="-51.395493" y="-78.157471">
   <element name="swap_hat" layername="swap_hat_3" frame="3" z_index="0" m_a="0.766846" m_b="0.000000" m_c="0.000000" m_d="0.766830" m_tx="12.000000" m_ty="3.700000"/>
  </frame>
  <frame idx="850" w="409" h="319" x="-51.395493" y="-78.157471">
   <element name="swap_hat" layername="swap_hat_3" frame="3" z_index="0" m_a="0.766846" m_b="0.000000" m_c="0.000000" m_d="0.766830" m_tx="12.000000" m_ty="3.700000"/>
  </frame>
  <frame idx="875" w="409" h="319" x="-51.395493" y="-78.157471">
   <element name="swap_hat" layername="swap_hat_3" frame="3" z_index="0" m_a="0.766846" m_b="0.000000" m_c="0.000000" m_d="0.766830" m_tx="12.000000" m_ty="3.700000"/>
  </frame>
  <frame idx="900" w="409" h="319" x="-51.395493" y="-78.157471">
   <element name="swap_hat" layername="swap_hat_3" frame="3" z_index="0" m_a="0.766846" m_b="0.000000" m_c="0.000000" m_d="0.766830" m_tx="12.000000" m_ty="3.700000"/>
  </frame>
  <frame idx="925" w="409" h="319" x="-51.395493" y="-78.157471">
   <element name="swap_hat" layername="swap_hat_3" frame="3" z_index="0" m_a="0.766846" m_b="0.000000" m_c="0.000000" m_d="0.766830" m_tx="12.000000" m_ty="3.700000"/>
  </frame>
  <frame idx="950" w="409" h="319" x="-51.395493" y="-78.157471">
   <element name="swap_hat" layername="swap_hat_3" frame="3" z_index="0" m_a="0.766846" m_b="0.000000" m_c="0.000000" m_d="0.766830" m_tx="12.000000" m_ty="3.700000"/>
  </frame>
  <frame idx="975" w="409" h="319" x="-51.395493" y="-78.157471">
   <element name="swap_hat" layername="swap_hat_3" frame="3" z_index="0" m_a="0.766846" m_b="0.000000" m_c="0.000000" m_d="0.766830" m_tx="12.000000" m_ty="3.700000"/>
  </frame>
 </anim>
</Anims>
